title,winery,millesime,designation,variety,country,province,region_1,region_2,price,points,description,taster_name,taster_twitter_handle,clean
Domaine Jacques Prieur 2020 Grèves Premier Cru  (Beaune),Domaine Jacques Prieur,2020.0,Grèves Premier Cru,Chardonnay,France,Burgundy,Beaune,,61.0,90,"Young vines, planted in 2011, give a fresh, fruity wine with attractive citrus and zingy orange flavors. It is ripe and deliciously perfumed with a touch of minerality and saltiness. Drink from 2023.",Roger Voss,@vossroger,young vine plant 2011 give fresh fruity wine attractive citrus zingy orange flavor ripe deliciously perfume touch minerality saltiness drink 2023
Louis Jadot 2020 Clos des Ursules Premier Cru  (Beaune),Louis Jadot,2020.0,Clos des Ursules Premier Cru,Pinot Noir,France,Burgundy,Beaune,,58.0,94,"This dense and structured wine comes from a small walled vineyard within the larger Les Vignes Franches premier cru, partially owned by Louis Jadot. Robust tannins frame its rich, juicy black fruit, showing potential for long aging. Drink from 2024.",Roger Voss,@vossroger,dense structure wine come small walled vineyard within large les vigne franche premier cru partially own louis jadot robust tannin frame rich juicy black fruit show potential long aging drink 2024
Joseph Drouhin 2014 Clos des Mouches Premier Cru  (Beaune),Joseph Drouhin,2014.0,Clos des Mouches Premier Cru,Pinot Noir,France,Burgundy,Beaune,,91.0,94,"The aromas of smoky new wood follow through to the wood flavors on the palate. However, it's the powerful sweet black cherry and red berry fruit flavors, layered with fruit tannins and acidity, that are driving this impressive wine. For aging at least six years.",Roger Voss,@vossroger,aroma smoky new wood follow wood flavor palate however powerful sweet black cherry red berry fruit flavor layer fruit tannin acidity drive impressive wine age least six year
Bouchard Aîné & Fils 2011 Les Marconnets Premier Cru  (Beaune),Bouchard Aîné & Fils,2011.0,Les Marconnets Premier Cru,Pinot Noir,France,Burgundy,Beaune,,54.0,89,"Typical Beaune in its round, soft character. If the tannins are not particularly powerful, it still shows a generous nature, with super-ripe fruits supported by some dryness. The finish is jammy, ripe, a salad of red berries.",Roger Voss,@vossroger,typical beaune round soft character tannin particularly powerful still show generous nature superripe fruit support dryness finish jammy ripe salad red berry
Albert Morot 2018 Cent-Vignes Premier Cru  (Beaune),Albert Morot,2018.0,Cent-Vignes Premier Cru,Pinot Noir,France,Burgundy,Beaune,,51.0,91,"This is an austere wine, packed with tannins and tight acidity. The red fruits are right at the back behind the firm structure. A mineral character supports the dusty texture and suggests long-term aging. Drink from 2022.",Roger Voss,@vossroger,austere wine pack tannin tight acidity red fruit right back behind firm structure mineral character support dusty texture suggest longterm age drink 2022
Domaine Jacques Prieur 2015 Champs Pimont Premier Cru  (Beaune),Domaine Jacques Prieur,2015.0,Champs Pimont Premier Cru,Chardonnay,France,Burgundy,Beaune,,66.0,87,"This is rounded and soft, with wood and spice flavors. There's an intriguing touch of ginger, along with a salty, mineral character.",Roger Voss,@vossroger,round soft wood spice flavor there s intriguing touch ginger along salty mineral character
Bouchard Père & Fils 2011 Beaune du Château Premier Cru  (Beaune),Bouchard Père & Fils,2011.0,Beaune du Château Premier Cru,Chardonnay,France,Burgundy,Beaune,,60.0,92,"This ripe, almond- and pear-flavored wine has a fine balancing structure of green fruit skins. It's certainly rich, but it also has elegance, restraining its exuberance through the finishing acidity, which promises 5–7 years' aging.",Roger Voss,@vossroger,ripe almond pearflavored wine fine balance structure green fruit skin certainly rich also elegance restrain exuberance finish acidity promise 5–7 year age
Domaine Chanson 2017 Clos des Fèves Premier Cru  (Beaune),Domaine Chanson,2017.0,Clos des Fèves Premier Cru,Pinot Noir,France,Burgundy,Beaune,,80.0,94,"A specialty of Chanson, this small premier cru gives a perfumed, dark and tannic wine. The dense, firm structure gives a dramatic base to the ripe black fruits, balanced acidity and a touch of wood that smoothes the wine. Drink from 2022.",Roger Voss,@vossroger,specialty chanson small premier cru gives perfume dark tannic wine dense firm structure give dramatic base ripe black fruit balanced acidity touch wood smooth wine drink 2022
Domaine Champy 2016 Vieilles Vignes  (Beaune),Domaine Champy,2016.0,Vieilles Vignes,Pinot Noir,France,Burgundy,Beaune,,,87,"While this shows the concentration of the vines that were planted in the 1940s, it also has a tight, lean quality and considerable acidity. Its fruit is still subdued by the structure, and it needs 3–4 years to become round.",Roger Voss,@vossroger,show concentration vine plant 1940 also tight lean quality considerable acidity fruit still subdue structure need 3–4 year become round
Bouchard Père & Fils 2012 Clos Saint-Landry Premier Cru  (Beaune),Bouchard Père & Fils,2012.0,Clos Saint-Landry Premier Cru,Chardonnay,France,Burgundy,Beaune,,,92,"Coming from a small 5-acre clos owned entirely by Bouchard Père, this a ripe wine, with wood dominating the aromas, but then allowing its spicy character to be balanced by delicious, crisp but ripe pear flavors. It is a rounded wine, offering full Chardonnay, kept in check by acidity.",Roger Voss,@vossroger,come small 5acre clo own entirely bouchard père ripe wine wood dominate aroma allow spicy character balanced delicious crisp ripe pear flavor round wine offer full chardonnay keep check acidity
Château de Santenay 2020 Montée Rouge Premier Cru  (Beaune),Château de Santenay,2020.0,Montée Rouge Premier Cru,Pinot Noir,France,Burgundy,Beaune,,39.0,92,"Named after the red soil of the vineyard, this wine is rich and full of generous red fruits. They are cut with the acidity of the vintage to give a crisp edge to this full-bodied wine. Spice and hedgerow fruits finish a wine that still needs to develop. Drink from 2024.",Roger Voss,@vossroger,name red soil vineyard wine rich full generous red fruit cut acidity vintage give crisp edge fullbodie wine spice hedgerow fruit finish wine still need develop drink 2024
Maison Champy 2020 Premier Cru  (Beaune),Maison Champy,2020.0,Premier Cru,Pinot Noir,France,Burgundy,Beaune,,41.0,92,"Still quite closed, this is a firm wine with all its tight tannins still in place. It's dry at this stage, although the fruit is going to develop well. Acidity and a hint of perfumed red-berry flavors promise a good future. Drink from 2024.",Roger Voss,@vossroger,still quite closed firm wine tight tannin still place dry stage although fruit going develop well acidity hint perfume redberry flavor promise good future drink 2024
Louis Jadot 2018 Aux Cras Premier Cru  (Beaune),Louis Jadot,2018.0,Aux Cras Premier Cru,Pinot Noir,France,Burgundy,Beaune,,62.0,93,"Full with dusty tannins from the intensely rocky Aux Cras vineyard, this wine offers rich and rounded fruits. Red berries come through strongly, offering an initially fruit-driven wine that then opens out into one that is dense, very structured and with aging potential. Drink this terroir-driven wine from 2022.",Roger Voss,@vossroger,full dusty tannin intensely rocky aux cras vineyard wine offer rich rounded fruit red berry come strongly offer initially fruitdriven wine open one dense structure age potential drink terroirdriven wine 2022
Albert Morot 2018 Teurons Premier Cru  (Beaune),Albert Morot,2018.0,Teurons Premier Cru,Pinot Noir,France,Burgundy,Beaune,,58.0,93,"Smoky aromas add to the red fruits and manifest themselves on the palate as the spicy, toasty wood aging. The fruits are still developing, a series of rich berries and currants that will be ripe and generous. For the moment, the dry tannins dominate, so give this wine until 2022.",Roger Voss,@vossroger,smoky aroma add red fruit manifest palate spicy toasty wood age fruit still develop series rich berry currant ripe generous moment dry tannin dominate give wine 2022
Bouchard Père & Fils 2011 Beaune du Château Premier Cru  (Beaune),Bouchard Père & Fils,2011.0,Beaune du Château Premier Cru,Pinot Noir,France,Burgundy,Beaune,,63.0,94,"From Bouchard's home vineyard, this is one of their signature wines. In 2009, it has produced a luscious, fruity wine whose richness is only a part of its wonderful floating character. The ripeness of the wine is matched by its structure, which promises considerable aging.",Roger Voss,@vossroger,bouchard home vineyard one signature wine 2009 produce luscious fruity wine whose richness part wonderful float character ripeness wine match structure promise considerable aging
Alex Gambal 2017 Les Grèves Premier Cru  (Beaune),Alex Gambal,2017.0,Les Grèves Premier Cru,Pinot Noir,France,Burgundy,Beaune,,52.0,92,"This solid, bold wine has a velvet texture. Black fruits are rounded with a generous texture, although a firmer, tannic character waits in the background. It is structured and elegant. Drink from 2021.",Roger Voss,@vossroger,solid bold wine velvet texture black fruit round generous texture although firm tannic character wait background structure elegant drink 2021
Bouchard Père & Fils 2013 Marconnets Premier Cru  (Beaune),Bouchard Père & Fils,2013.0,Marconnets Premier Cru,Pinot Noir,France,Burgundy,Beaune,,54.0,88,"A wine that reflects the relative lightness of the reds in this vintage. It has a layer of tannins, but they don't suggest aging; they are more a base for the attractive raspberry and red plum flavor, freshened by the acidity.",Roger Voss,@vossroger,wine reflect relative lightness red vintage layer tannin do not suggest age base attractive raspberry red plum flavor freshen acidity
Bouchard Père & Fils 2013 Beaune du Château Premier Cru  (Beaune),Bouchard Père & Fils,2013.0,Beaune du Château Premier Cru,Pinot Noir,France,Burgundy,Beaune,,42.0,88,"A smooth, perfumed wine, with an initial barnyard character that then softens into red fruits and soft tannins. Relatively light, going more for juiciness than weight.",Roger Voss,@vossroger,smooth perfume wine initial barnyard character soften red fruit soft tannin relatively light go juiciness weight
Chanson Père et Fils 2019 Bastion Premier Cru  (Beaune),Chanson Père et Fils,2019.0,Bastion Premier Cru,Chardonnay,France,Burgundy,Beaune,,43.0,90,"Aromas of this wine show considerable wood. On the palate, the wood is very present, giving acidity as well as layers of toast and spice. Hints of yellow fruit show through, suggesting the possibility of a ripe, rich wine in the future. Drink from 2023.",Roger Voss,@vossroger,aromas wine show considerable wood palate wood present give acidity well layers toast spice hint yellow fruit show suggest possibility ripe rich wine future drink 2023
Louis Latour 2021 Perrières Premier Cru  (Beaune),Louis Latour,2021.0,Perrières Premier Cru,Pinot Noir,France,Burgundy,Beaune,,47.0,93,"Among the most northerly of the run of Beaune premier crus, the wine is structured but the structure is cushioned by the ripe red-berry fruits to give a generous wine. Backed by tannins, the wine will age well. Drink from 2022.",Roger Voss,@vossroger,among northerly run beaune premier crus wine structure structure cushion ripe redberry fruit give generous wine back tannin wine age well drink 2022
Maison Champy 2021 Aux Cras Premier Cru  (Beaune),Maison Champy,2021.0,Aux Cras Premier Cru,Pinot Noir,France,Burgundy,Beaune,,38.0,93,"A firmly structured wine, solid with tannins and with structure. The wine is also full of fruit potential, ripe with red berries. It is dense wine that needs to age. Drink from 2025.",Roger Voss,@vossroger,firmly structure wine solid tannin structure wine also full fruit potential ripe red berry dense wine need age drink 2025
Meurgey-Croses 2021 Domaine Clos de la Chapelle Champs Pimont Premier Cru  (Beaune),Meurgey-Croses,2021.0,Domaine Clos de la Chapelle Champs Pimont Premier Cru,Pinot Noir,France,Burgundy,Beaune,,39.0,93,"This is a structured wine, dark and firm as tannins meld with the ripe berry fruits. It has the weight to have great potential. The wine, with its concentration and dense tannins, will be ready to drink from 2025.",Roger Voss,@vossroger,structure wine dark firm tannin meld ripe berry fruit weight great potential wine concentration dense tannin ready drink 2025
Seguin-Manuel 2020 Les Bressandes Premier Cru  (Beaune),Seguin-Manuel,2020.0,Les Bressandes Premier Cru,Pinot Noir,France,Burgundy,Beaune,,41.0,92,"Perfumed and juicy, this is already an attractive wine. Fine tannins and plenty of red fruits give a fresh and structured character. With a firmer background, it will develop well. Drink from 2024.",Roger Voss,@vossroger,perfume juicy already attractive wine fine tannin plenty red fruit give fresh structured character firm background develop well drink 2024
Domaine Jean Monnier et Fils 2017 Montrevenots Premier Cru  (Beaune),Domaine Jean Monnier et Fils,2017.0,Montrevenots Premier Cru,Pinot Noir,France,Burgundy,Beaune,,36.0,90,"This is an elegant, smooth wine that draws out the freshness of the vintage as much as the fruitiness. It has ripe, soft tannins, juicy red-fruit flavors and an intriguing smokiness. With acidity holding the wine in check, it should age well. Drink from 2021.",Roger Voss,@vossroger,elegant smooth wine draw freshness vintage much fruitiness ripe soft tannin juicy redfruit flavor intrigue smokiness acidity hold wine check age well drink 2021
Jean-Luc and Paul Aegerter 2021 Les Reversées Premier Cru  (Beaune),Jean-Luc and Paul Aegerter,2021.0,Les Reversées Premier Cru,Chardonnay,France,Burgundy,Beaune,,34.0,90,"This ripe, wood-aged wine is generous and smooth. Spice and toastiness are balanced by the apricot and citrus fruits. One gives richness, the other crispness. It is a wine with a future. Drink from 2024.",Roger Voss,@vossroger,ripe woodage wine generous smooth spice toastiness balance apricot citrus fruit one give richness crispness wine future drink 2024
Chanson Père et Fils 2019 Clos des Fèves Premier Cru  (Beaune),Chanson Père et Fils,2019.0,Clos des Fèves Premier Cru,Pinot Noir,France,Burgundy,Beaune,,75.0,94,"This wine comes from a vineyard that is wholly owned by Chanson. It is juicy, ripe while having a great, straight line of acidity. The red-berry fruits are still developing and coming through the firm, smoky dark tannins. The wine, with its spicy aftertaste, will be ready to drink from 2024.",Roger Voss,@vossroger,wine come vineyard wholly own chanson juicy ripe great straight line acidity redberry fruit still develop come firm smoky dark tannin wine spicy aftertaste ready drink 2024
Domaine de la Vougeraie 2020 Les Grèves Premier Cru  (Beaune),Domaine de la Vougeraie,2020.0,Les Grèves Premier Cru,Pinot Noir,France,Burgundy,Beaune,,,91,"This fresh, fruity wine also has a core of smoky tannins. It is both structured and offers plenty of bright red fruits. The wine is crisp, ripe with a dry core. Drink from 2024.",Roger Voss,@vossroger,fresh fruity wine also core smoky tannin structure offer plenty bright red fruit wine crisp ripe dry core drink 2024
Domaine Arnoux Père et Fils 2020 En Genêt Premier Cru  (Beaune),Domaine Arnoux Père et Fils,2020.0,En Genêt Premier Cru,Pinot Noir,France,Burgundy,Beaune,,39.0,91,"This two-acre premier cru situated north of Beaune city gives smooth and rich wines. This bottling shows the acidity of the vintage while also having a full, round character, ripe with strawberries and crisp with acidity. The wine needs more time, so drink from 2023.",Roger Voss,@vossroger,twoacre premier cru situate north beaune city give smooth rich wine bottle show acidity vintage also full round character ripe strawberry crisp acidity wine need time drink 2023
Louis Latour 2006  Beaune,Louis Latour,2006.0,,Chardonnay,France,Burgundy,Beaune,,43.0,86,"Without big oak or big fruit to make it ungainly, this is a real food-friendly Chardonnay. The delicate floral aromas and understated yet finely etched pear and almond flavors almost seem designed to show off that special weekend dish you just spent hours making.",,,without big oak big fruit make ungainly real foodfriendly chardonnay delicate floral aroma understate yet finely etch pear almond flavor almost seem design show special weekend dish spend hour make
Camille Giroud 2014 Aux Cras  (Beaune),Camille Giroud,2014.0,Aux Cras,Pinot Noir,France,Burgundy,Beaune,,57.0,89,"With crushed strawberry and caramel flavors, this is relatively light wine, though elegant and pierced with acidity. Milk chocolate and soft tannins complete an attractive ensemble.",Roger Voss,@vossroger,crush strawberry caramel flavor relatively light wine though elegant pierced acidity milk chocolate soft tannin complete attractive ensemble
Chanson Père et Fils 2012 Clos des Mouches Premier Cru  (Beaune),Chanson Père et Fils,2012.0,Clos des Mouches Premier Cru,Pinot Noir,France,Burgundy,Beaune,,97.0,91,"Light in color, this rejoices in its perfumed character as much as its fruit. There is a heady smoky aroma, while the palate shows a leaner character. The fruit flavors of red berries are given an extra dimension by the smoky wood and the meaty edge.",Roger Voss,@vossroger,light color rejoice perfume character much fruit heady smoky aroma palate show lean character fruit flavor red berry give extra dimension smoky wood meaty edge
Chanson Père et Fils 2012 Bressandes Premier Cru  (Beaune),Chanson Père et Fils,2012.0,Bressandes Premier Cru,Pinot Noir,France,Burgundy,Beaune,,87.0,90,"Soft, sensuous, this is a wine that appeals straight away to the senses. The red fruits float over a soft texture of sweet tannins, leaving a juicy, succulent texture. While it is not a powerful wine, it offers all the delicious characters of Pinot Noir.",Roger Voss,@vossroger,soft sensuous wine appeal straight away sense red fruit float soft texture sweet tannin leave juicy succulent texture powerful wine offer delicious character pinot noir
Maison Champy 2012 Les Champs Pimont Premier Cru  (Beaune),Maison Champy,2012.0,Les Champs Pimont Premier Cru,Pinot Noir,France,Burgundy,Beaune,,,84,"This wine has distinct acidity, probably too much. Red currant fruits dominate, giving the wine elegance, but also showing some unripe fruit flavors and a texture that is too light and unfocused.",Roger Voss,@vossroger,wine distinct acidity probably much red currant fruit dominate give wine elegance also show unripe fruit flavor texture light unfocuse
Jean-Luc and Paul Aegerter 2021 Les Reversées Premier Cru  (Beaune),Jean-Luc and Paul Aegerter,2021.0,Les Reversées Premier Cru,Chardonnay,France,Burgundy,Beaune,,34.0,90,"This ripe, wood-aged wine is generous and smooth. Spice and toastiness are balanced by the apricot and citrus fruits. One gives richness, the other crispness. It is a wine with a future. Drink from 2024.",Roger Voss,@vossroger,ripe woodage wine generous smooth spice toastiness balance apricot citrus fruit one give richness crispness wine future drink 2024
Domaine de Bellene 2018 Les Grèves Premier Cru  (Beaune),Domaine de Bellene,2018.0,Les Grèves Premier Cru,Pinot Noir,France,Burgundy,Beaune,,72.0,93,"From a half-acre parcel, this is a delicately structured wine. Delicious, forward red-cherry fruits are juicy and provide lift to the the firm tannins. The combination and balance of the fruit and the texture result in a wine that will age well. Drink from 2022.",Roger Voss,@vossroger,halfacre parcel delicately structure wine delicious forward redcherry fruit juicy provide lift firm tannin combination balance fruit texture result wine age well drink 2022
Chanson Père et Fils 2013 Les Grèves Premier Cru  (Beaune),Chanson Père et Fils,2013.0,Les Grèves Premier Cru,Pinot Noir,France,Burgundy,Beaune,,,91,"From Chanson's five-acre parcel of the Beaune Grèves vineyard, this is a ripe, softly tannic wine, more dominated by strawberry flavors, rich and deliciously sweet. Not for long-term aging, but worth 2–3 years' waiting.",Roger Voss,@vossroger,chansons fiveacre parcel beaune grève vineyard ripe softly tannic wine dominate strawberry flavor rich deliciously sweet longterm age worth 2–3 year wait
Joseph Drouhin 2013 Beaune Grèves Premier Cru  (Beaune),Joseph Drouhin,2013.0,Beaune Grèves Premier Cru,Pinot Noir,France,Burgundy,Beaune,,60.0,91,"A deliciously soft, smoky wine, the tannins a hint behind the rounded fresh berry and red-plum fruits. There is a great juicy character to go with the fresh acidity and the final, drier structure.",Roger Voss,@vossroger,deliciously soft smoky wine tannin hint behind rounded fresh berry redplum fruit great juicy character go fresh acidity final drier structure
Louis Jadot 2011 Les Chouacheux Premier Cru  (Beaune),Louis Jadot,2011.0,Les Chouacheux Premier Cru,Pinot Noir,France,Burgundy,Beaune,,53.0,89,"Very fresh, very raspberry, this wine opens gently with sweetness and roundness. The tannins do come into play, but ever so gently, a counterpoint to the sweet, fine fruits that dominate this attractive, relatively early drinking wine.",Roger Voss,@vossroger,fresh raspberry wine open gently sweetness roundness tannin come play ever gently counterpoint sweet fine fruit dominate attractive relatively early drink wine
Albert Bichot 2016 Clos de l'Ermitage  (Beaune),Albert Bichot,2016.0,Clos de l'Ermitage,Pinot Noir,France,Burgundy,Beaune,,,88,There is a touch of minerality in this wine as well as a dry edge and ripe red-fruit flavors that are already attractive. It should be aged at least three years.,Roger Voss,@vossroger,touch minerality wine well dry edge ripe redfruit flavor already attractive aged least three year
Domaine Pierre Labet 2019 Clos du Dessus des Marconnets  (Beaune),Domaine Pierre Labet,2019.0,Clos du Dessus des Marconnets,Chardonnay,France,Burgundy,Beaune,,52.0,91,"As its name suggests, this vineyard is above the Marconnets, one of Beaune's top vineyards. Beautifully perfumed, it is ripe with orange zest, apples and a streak of delicious citrus acidity. It has a light touch, fruity, with hints of wood and minerality.",Roger Voss,@vossroger,name suggest vineyard marconnet one beaune top vineyard beautifully perfume ripe orange zest apple streak delicious citrus acidity light touch fruity hint wood minerality
Domaine Chanson 2017 Clos des Mouches Premier Cru  (Beaune),Domaine Chanson,2017.0,Clos des Mouches Premier Cru,Chardonnay,France,Burgundy,Beaune,,84.0,93,"Ripe and rich, this full-bodied wine retains minerality as well as attractive acidity. Crisp lemon flavor is rounded out with peach and apple skin fruits. The wood, already integrated, gives richness and smoothness. Drink from 2020.",Roger Voss,@vossroger,ripe rich fullbodie wine retain minerality well attractive acidity crisp lemon flavor round peach apple skin fruit wood already integrate give richness smoothness drink 2020
Domaine Rossignol-Trapet 2017 Les Teurons Premier Cru  (Beaune),Domaine Rossignol-Trapet,2017.0,Les Teurons Premier Cru,Pinot Noir,France,Burgundy,Beaune,,50.0,93,"This is a soft wine on the surface, but under that generosity lies a firm core that gives the promise of aging. This powerful wine comes from stony soil which explains the tannic structure while the richness comes from ripe berry fruits. Drink from 2021.",Roger Voss,@vossroger,soft wine surface generosity lie firm core give promise age powerful wine come stony soil explain tannic structure richness come ripe berry fruit drink 2021
Domaine Chanson 2017 Grèves Premier Cru  (Beaune),Domaine Chanson,2017.0,Grèves Premier Cru,Pinot Noir,France,Burgundy,Beaune,,,93,"This is a blend from ten different parcels of the Grèves vineyard. It's beautifully smooth, hiding its structure behind generous red fruits as well as a fresh, crisp texture. It's complex, warm, very perfumed and elegant. Drink from 2021.",Roger Voss,@vossroger,blend ten different parcel grève vineyard beautifully smooth hiding structure behind generous red fruit well fresh crisp texture complex warm perfume elegant drink 2021
Bouchard Père & Fils 2017 Clos de la Mousse Premier Cru  (Beaune),Bouchard Père & Fils,2017.0,Clos de la Mousse Premier Cru,Pinot Noir,France,Burgundy,Beaune,,56.0,93,"Perfume partners with great acidity in this wine. The two work in harmony, resulting in a wine that has a soft texture, rich, jammy berry fruits and a backbone of tannins that will allow for aging. Drink from 2021.",Roger Voss,@vossroger,perfume partner great acidity wine two work harmony result wine soft texture rich jammy berry fruit backbone tannin allow aging drink 2021
Bouchard Aîné et Fils 2021 Clos du Roi Premier Cru  (Beaune),Bouchard Aîné et Fils,2021.0,Clos du Roi Premier Cru,Pinot Noir,France,Burgundy,Beaune,,47.0,93,"Red-berry fruits dominate this already delicious wine. Allied with the acidity and the toasty wood aging, it is balanced while, of course, still young. It has potential, rich with tannins and with fine fruits. The wine is structured, needing time. Drink from 2025.",Roger Voss,@vossroger,redberry fruit dominate already delicious wine ally acidity toasty wood age balanced course still young potential rich tannin fine fruit wine structure need time drink 2025
Domaine Faiveley 2016 Clos de L'Ecu Premier Cru  (Beaune),Domaine Faiveley,2016.0,Clos de L'Ecu Premier Cru,Pinot Noir,France,Burgundy,Beaune,,62.0,91,"This is a structured, fruity wine that has ripe strawberry and red plum flavors. Its tannins are condensed at the core, and the finish is marked by refreshing acidity. The vineyard is wholly owned by Faiveley.",Roger Voss,@vossroger,structure fruity wine ripe strawberry red plum flavor tannin condense core finish mark refreshing acidity vineyard wholly own faiveley
Nuiton-Beaunoy 2021  Beaune,Nuiton-Beaunoy,2021.0,,Pinot Noir,France,Burgundy,Beaune,,22.0,87,"This is a smooth wine with gentle tannins and red berry fruit. It has juicy acidity and a slight toastiness from oak. With spice and acidity, it will be an attractive wine to drink from 2022.",Roger Voss,@vossroger,smooth wine gentle tannin red berry fruit juicy acidity slight toastiness oak spice acidity attractive wine drink 2022
Seguin-Manuel 2020 Les Cent Vignes Premier Cru  (Beaune),Seguin-Manuel,2020.0,Les Cent Vignes Premier Cru,Pinot Noir,France,Burgundy,Beaune,,43.0,94,"A ripe, juicy and fruity wine, this is rich while shot through with fresh acidity. A dusty smoky structure awaits behind the fruit. It will become a well-balanced wine, packed with fruit and supple tannins. Drink from 2024.",Roger Voss,@vossroger,ripe juicy fruity wine rich shoot fresh acidity dusty smoky structure await behind fruit become wellbalance wine pack fruit supple tannin drink 2024
Bouchard Père & Fils 2020 Vigne de l'Enfant Jésus Grèves Premier Cru  (Beaune),Bouchard Père & Fils,2020.0,Vigne de l'Enfant Jésus Grèves Premier Cru,Pinot Noir,France,Burgundy,Beaune,,61.0,94,"This monopole vineyard came into the Bouchard family in 1791, 60 years after the maison was founded. This wine is smoky and full of fruit and sweet tannins. With its balanced tannins and rich fruits, it is developing well. The dense structure behind the fruit promises good aging. Drink from 2024.",Roger Voss,@vossroger,monopole vineyard come bouchard family 1791 60 year maison found wine smoky full fruit sweet tannin balance tannin rich fruit develop well dense structure behind fruit promise good age drink 2024
Domaine Chantal Lescure 2017 Les Chouacheux Premier Cru  (Beaune),Domaine Chantal Lescure,2017.0,Les Chouacheux Premier Cru,Pinot Noir,France,Burgundy,Beaune,,,91,"This textured wine shows wood flavors from its 30% new wood. To balance it has great ripe fruits and a tight texture of acidity. The wine is still nervy, closed up with minerality. It needs time, so drink from 2020.",Roger Voss,@vossroger,textured wine show wood flavor 30 new wood balance great ripe fruit tight texture acidity wine still nervy close minerality need time drink 2020
Joseph Drouhin 2016 Beaune Grèves Premier Cru  (Beaune),Joseph Drouhin,2016.0,Beaune Grèves Premier Cru,Pinot Noir,France,Burgundy,Beaune,,67.0,92,"With its firmness and juicy red-fruit flavor, this wine is delicious to drink now, but it will also age for at least six years. This bottling demonstrates the structure and generosity of one of Beaune's most famous premier crus.",Roger Voss,@vossroger,firmness juicy redfruit flavor wine delicious drink also age least six year bottle demonstrate structure generosity one beaune famous premier crus
Bouchard Père & Fils 2017 Vigne de l'Enfant Jésus Grèves Premier Cru  (Beaune),Bouchard Père & Fils,2017.0,Vigne de l'Enfant Jésus Grèves Premier Cru,Pinot Noir,France,Burgundy,Beaune,,80.0,94,"This iconic wine is rich and perfumed. It's powerful and concentrated, with layers of wood contrasted by explosive, ripe fruits. Ripe red-fruit flavors are brightened by ample acidity, resulting in a sumptuous wine that also has enough tannins to age. Drink from 2022.",Roger Voss,@vossroger,iconic wine rich perfumed powerful concentrate layer wood contrast explosive ripe fruit ripe redfruit flavor brighten ample acidity result sumptuous wine also enough tannin age drink 2022
Domaine Jacques Prieur 2015 Beaune Grèves  (Beaune),Domaine Jacques Prieur,2015.0,Beaune Grèves,Pinot Noir,France,Burgundy,Beaune,,,93,"There is rich fruit behind the severe opening tannins, giving a sumptuous although firmly structured wine. The raspberry and crushed strawberry flavors are developing well, ready to balance with the tannins after another year.",Roger Voss,@vossroger,rich fruit behind severe opening tannin give sumptuous although firmly structured wine raspberry crush strawberry flavor develop well ready balance tannin another year
Louis Jadot 2015 Beaune Bressandes Premier Cru  (Beaune),Louis Jadot,2015.0,Beaune Bressandes Premier Cru,Pinot Noir,France,Burgundy,Beaune,,52.0,93,"Pure strawberry and red cherry fruits with a twist of acidity make this a wine that is already delicious. Just under the surface is a firm wood-and-tannin character and a dense, if juicy, structure. Age for 4–5 years.",Roger Voss,@vossroger,pure strawberry red cherry fruit twist acidity make wine already delicious surface firm woodandtannin character dense juicy structure age 4–5 year
Domaine Jacques Prieur 2015 Champs-Pimont Premier Cru  (Beaune),Domaine Jacques Prieur,2015.0,Champs-Pimont Premier Cru,Pinot Noir,France,Burgundy,Beaune,,73.0,92,"This wine is initially austere, but then shows rich, ripe fruit and a solid structure. The wine's strong tannic character suggests considerable aging potential, while it already shows a deliciously gentle side.",Roger Voss,@vossroger,wine initially austere show rich ripe fruit solid structure wine strong tannic character suggest considerable age potential already show deliciously gentle side
Bouchard Aîné & Fils 2011 Clos du Roi Premier Cru  (Beaune),Bouchard Aîné & Fils,2011.0,Clos du Roi Premier Cru,Pinot Noir,France,Burgundy,Beaune,,52.0,88,"There is some good depth of flavor to this wine, the strawberry flavors going right through until they meet the tannic core. The acidity balances well, pushing the fruit through the dryness, leaving freshness and juicy fruits.",Roger Voss,@vossroger,good depth flavor wine strawberry flavor go right meet tannic core acidity balance well push fruit dryness leave freshness juicy fruit
Château Philippe-le-Hardi 2015 Clos du Roi Premier Cru  (Beaune),Château Philippe-le-Hardi,2015.0,Clos du Roi Premier Cru,Pinot Noir,France,Burgundy,Beaune,,,88,"Dense, rich and ripe, this has some tannic structure, but it's less salient compared to the ripe fruit, soft texture and juicy acidity. This wine can age, although it is already showing fruitiness.",Roger Voss,@vossroger,dense rich ripe tannic structure less salient compare ripe fruit soft texture juicy acidity wine age although already show fruitiness
Louis Latour 2017 Clos Saint-Désiré  (Beaune),Louis Latour,2017.0,Clos Saint-Désiré,Chardonnay,France,Burgundy,Beaune,,40.0,90,"From a small parcel at the base of the hill of Beaune, this is a delicious wine with a touch of vanilla. It is rounded, smooth and rich, bringing out both fruit and toasty wood flavors that are integrated well. Drink from 2020.",Roger Voss,@vossroger,small parcel base hill beaune delicious wine touch vanilla round smooth rich bring fruit toasty wood flavor integrate well drink 2020
Chanson Père et Fils 2013 Clos des Mouches Premier Cru  (Beaune),Chanson Père et Fils,2013.0,Clos des Mouches Premier Cru,Pinot Noir,France,Burgundy,Beaune,,,93,"A dense and serious wine, layering acidity with tight tannins. Under this surface firmness, the red-berry fruit is sumptuous with great juicy freshness. It is a great bringing together of structure, roundness and lively acidity.",Roger Voss,@vossroger,dense serious wine layering acidity tight tannin surface firmness redberry fruit sumptuous great juicy freshness great bring together structure roundness lively acidity
Domaine Jacques Prieur 2014 Champs Pimont  (Beaune),Domaine Jacques Prieur,2014.0,Champs Pimont,Pinot Noir,France,Burgundy,Beaune,,69.0,91,"A ripe, pure wine of red fruit around a core of toast, dominated by vital acidity and an edge of dry tannins. The wine is linear, finely balanced, fruity and exuberant.",Roger Voss,@vossroger,ripe pure wine red fruit around core toast dominate vital acidity edge dry tannin wine linear finely balanced fruity exuberant
Bouchard Aîné & Fils 2017 Cuvée Signature Clos du Roi Premier Cru  (Beaune),Bouchard Aîné & Fils,2017.0,Cuvée Signature Clos du Roi Premier Cru,Pinot Noir,France,Burgundy,Beaune,,,88,"This is a ripe, soft and warmly fruity wine. It has red cherry and strawberry flavors that lend a feeling of richness and roundness in texture. The acidity provides structure to this wine, but it is developing fast and will be ready to drink in 2019.",Roger Voss,@vossroger,ripe soft warmly fruity wine red cherry strawberry flavor lend feel richness roundness texture acidity provide structure wine develop fast ready drink 2019
Domaine de Bellene 2020 Cuvée du Cinquantenaire Vieilles Vignes Premier Cru  (Beaune),Domaine de Bellene,2020.0,Cuvée du Cinquantenaire Vieilles Vignes Premier Cru,Pinot Noir,France,Burgundy,Beaune,,61.0,94,"This blend from five Beaune Premier Crus was made to celebrate the Potel family's 50 years in wine. It is a richly structured, beautiful wine with its dark tannins and black fruit showing so well. Concentrated from the low yielding old vines, the wine is packed with fruits and acidity that are developing slowly. Drink from 2024.",Roger Voss,@vossroger,blend five beaune premier crus make celebrate potel family 50 year wine richly structure beautiful wine dark tannin black fruit show well concentrate low yield old vine wine pack fruit acidity develop slowly drink 2024
Domaine de Bellene 2020 Les Grèves Premier Cru  (Beaune),Domaine de Bellene,2020.0,Les Grèves Premier Cru,Pinot Noir,France,Burgundy,Beaune,,56.0,94,"This wine comes from perhaps the most well-known of the many Beaune Premier Crus, from a small parcel of vines that are over 100 years old. It is a rich wine, generous and with a ripe future. At present, the structure and tannins dominate, allowing the wine to have good aging potential. Drink from 2024.",Roger Voss,@vossroger,wine come perhaps wellknown many beaune premier crus small parcel vine 100 year old rich wine generous ripe future present structure tannin dominate allow wine good age potential drink 2024
Jaffelin 2016 Les Cent Vignes Premier Cru  (Beaune),Jaffelin,2016.0,Les Cent Vignes Premier Cru,Pinot Noir,France,Burgundy,Beaune,,51.0,90,"Rich, round and complex, this is full of ripe red-berry flavors. The acidity drives the solid tannins and firm structure. The wine has the approachability of Beaune, but it can also be aged for 4–5 years.",Roger Voss,@vossroger,rich round complex full ripe redberry flavor acidity drive solid tannin firm structure wine approachability beaune also age 4–5 year
Louis Jadot 2019 Clos des Ursules Premier Cru  (Beaune),Louis Jadot,2019.0,Clos des Ursules Premier Cru,Pinot Noir,France,Burgundy,Beaune,,66.0,95,"This Beaune bottling has a dense structure that broods through its tannic outer skin. Perfumed red fruits will shortly burst out to give an opulent, rich wine with both great acidity and layers of spice that finish with freshness. Drink from 2021.",Roger Voss,@vossroger,beaune bottle dense structure brood tannic outer skin perfume red fruit shortly burst give opulent rich wine great acidity layer spice finish freshness drink 2021
Albert Bichot 2021 Clos de l'Ermitage  (Beaune),Albert Bichot,2021.0,Clos de l'Ermitage,Pinot Noir,France,Burgundy,Beaune,,30.0,89,"Showing a dry character from the wood aging, this spicy wine also has fruit weight. While it is still young, its ripe berry flavors laced with black cherries are right up front. It does have the rounded character of a Beaune and this will develop more strongly. Drink from 2021.",Roger Voss,@vossroger,show dry character wood age spicy wine also fruit weight still young ripe berry flavor lace black cherry right front rounded character beaune develop strongly drink 2021
Nuiton-Beaunoy 2016  Beaune,Nuiton-Beaunoy,2016.0,,Pinot Noir,France,Burgundy,Beaune,,35.0,88,"A soft and rounded wine, full of ripe fruits that command all the attention. Red fruits dominate, just supported by tannins and a firm dryness. This is a rich wine that will age quickly, worth drinking in the next two years.",Roger Voss,@vossroger,soft rounded wine full ripe fruit command attention red fruit dominate support tannin firm dryness rich wine age quickly worth drink next two year
Chanson Père et Fils 2014 Clos de Fèves  (Beaune),Chanson Père et Fils,2014.0,Clos de Fèves,Pinot Noir,France,Burgundy,Beaune,,92.0,92,"Showing austerity via its tannins, this is a severe wine despite its red berry fruit. It has layers of wood and a dry core. Age for six years or more.",Roger Voss,@vossroger,show austerity via tannin severe wine despite red berry fruit layer wood dry core age six year
Château de Santenay 2019 Montée Rouge Premier Cru  (Beaune),Château de Santenay,2019.0,Montée Rouge Premier Cru,Pinot Noir,France,Burgundy,Beaune,,55.0,92,"This firm wine is solid with tannins while also having the fruitiness of the year. A dry element will allow the wine to age balanced, with bright juicy fruits shining through. It comes from one of the lesser-known premier cru vineyards in Beaune. Drink from 2022.",Roger Voss,@vossroger,firm wine solid tannin also fruitiness year dry element allow wine age balance bright juicy fruit shine come one lesserknown premier cru vineyards beaune drink 2022
Jaffelin 2020 Sur les Grèves Clos Sainte-Anne Premier Cru Monopole  (Beaune),Jaffelin,2020.0,Sur les Grèves Clos Sainte-Anne Premier Cru Monopole,Pinot Noir,France,Burgundy,Beaune,,42.0,92,"This is a smoky and ripe wine from Beaune's top premier cru. Structured, dusty tannins support the red fruits and acidity. The combination is already rich, but holds good potential as well. It will be best from 2024.",Roger Voss,@vossroger,smoky ripe wine beaune top premier cru structure dusty tannin support red fruit acidity combination already rich hold good potential well good 2024
Domaine Jessiaume 2020 Les Cent Vignes Premier Cru  (Beaune),Domaine Jessiaume,2020.0,Les Cent Vignes Premier Cru,Pinot Noir,France,Burgundy,Beaune,,38.0,92,"This rich wine has spice and red fruits backed by a dry texture. The smoky wood is still right up front, giving the wine a firm character. Wait for the fruit to develop further and drink from 2024.",Roger Voss,@vossroger,rich wine spice red fruit back dry texture smoky wood still right front give wine firm character wait fruit develop drink 2024
Chanson Père et Fils 2011 Clos des Mouches Premier Cru  (Beaune),Chanson Père et Fils,2011.0,Clos des Mouches Premier Cru,Pinot Noir,France,Burgundy,Beaune,,106.0,93,"This wine is rich, sweet, extravagant and, finally, elegant. Its ripe fruit flavors, red plums, sweet strawberries and smoky acidity all work together. The wine shows considerable concentration, but never loses sight of freshness. Age for another five years at least.",Roger Voss,@vossroger,wine rich sweet extravagant finally elegant ripe fruit flavor red plum sweet strawberry smoky acidity work together wine show considerable concentration never lose sight freshness age another five year least
Chanson Père et Fils 2011 Grèves Premier Cru  (Beaune),Chanson Père et Fils,2011.0,Grèves Premier Cru,Pinot Noir,France,Burgundy,Beaune,,92.0,93,"A beautifully perfumed wine, all herbs and smokiness. The palate sings the same tune, a rich, sensuous one, laced with more somber notes of dark, dry tannins. At the end of the day, this is already a delicious wine, but one that will really improve over 5–10 years.",Roger Voss,@vossroger,beautifully perfume wine herb smokiness palate sing tune rich sensuous one laced somber note dark dry tannin end day already delicious wine one really improve 5–10 year
Louis Latour 2021 Perrières Premier Cru  (Beaune),Louis Latour,2021.0,Perrières Premier Cru,Pinot Noir,France,Burgundy,Beaune,,47.0,93,"Among the most northerly of the run of Beaune premier crus, the wine is structured but the structure is cushioned by the ripe red-berry fruits to give a generous wine. Backed by tannins, the wine will age well. Drink from 2022.",Roger Voss,@vossroger,among northerly run beaune premier crus wine structure structure cushion ripe redberry fruit give generous wine back tannin wine age well drink 2022
Maison Champy 2021 Aux Cras Premier Cru  (Beaune),Maison Champy,2021.0,Aux Cras Premier Cru,Pinot Noir,France,Burgundy,Beaune,,38.0,93,"A firmly structured wine, solid with tannins and with structure. The wine is also full of fruit potential, ripe with red berries. It is dense wine that needs to age. Drink from 2025.",Roger Voss,@vossroger,firmly structure wine solid tannin structure wine also full fruit potential ripe red berry dense wine need age drink 2025
Louis Jadot 2019 Theurons Premier Cru  (Beaune),Louis Jadot,2019.0,Theurons Premier Cru,Pinot Noir,France,Burgundy,Beaune,,51.0,94,"This wine is dark, with a strong sense of structure. Dense black fruits are cut with strawberry acidity and a dark tension between fruit and firm tannins. The coiled power will allow this beautiful wine age for many years. Drink from 2024.",Roger Voss,@vossroger,wine dark strong sense structure dense black fruit cut strawberry acidity dark tension fruit firm tannin coil power allow beautiful wine age many year drink 2024
Alex Gambal 2019 Grèves Premier Cru  (Beaune),Alex Gambal,2019.0,Grèves Premier Cru,Pinot Noir,France,Burgundy,Beaune,,47.0,93,"From one of the top Premier Cru vineyards in Beaune, this structured wine shows concentration and richness. Packed with tannins in its center, it is cushioned by the generous red berry and cherry fruits. The wine has a finely perfumed aftertaste. Drink from 2022.",Roger Voss,@vossroger,one top premier cru vineyards beaune structured wine show concentration richness pack tannin center cushion generous red berry cherry fruit wine finely perfume aftertaste drink 2022
Bouchard Père & Fils 2017 Clos de la Mousse Premier Cru  (Beaune),Bouchard Père & Fils,2017.0,Clos de la Mousse Premier Cru,Pinot Noir,France,Burgundy,Beaune,,56.0,93,"Perfume partners with great acidity in this wine. The two work in harmony, resulting in a wine that has a soft texture, rich, jammy berry fruits and a backbone of tannins that will allow for aging. Drink from 2021.",Roger Voss,@vossroger,perfume partner great acidity wine two work harmony result wine soft texture rich jammy berry fruit backbone tannin allow aging drink 2021
Domaine Chanson 2017 Clos des Mouches Premier Cru  (Beaune),Domaine Chanson,2017.0,Clos des Mouches Premier Cru,Pinot Noir,France,Burgundy,Beaune,,81.0,93,"Firm and structured, this dense and dark wine offers ripe black fruits and a concentrated texture. It also shows good acidity and the fruitiness of 2015, giving a wine that is both rich and fresh. Age and drink from 2021.",Roger Voss,@vossroger,firm structure dense dark wine offer ripe black fruit concentrate texture also show good acidity fruitiness 2015 give wine rich fresh age drink 2021
Albert Morot 2021 Les Cent Vignes Premier Cru  (Beaune),Albert Morot,2021.0,Les Cent Vignes Premier Cru,Pinot Noir,France,Burgundy,Beaune,,40.0,95,"Ripe, warm and with delicious strawberry and red-plum fruits, the wine is generous and full of fruit. The tannins are also there, a structure just to support all this fruit. It will be an opulent and beautiful wine as it ages. Drink from 2025.",Roger Voss,@vossroger,ripe warm delicious strawberry redplum fruit wine generous full fruit tannin also structure support fruit opulent beautiful wine age drink 2025
Seguin-Manuel 2021 Champs Pimont Premier Cru  (Beaune),Seguin-Manuel,2021.0,Champs Pimont Premier Cru,Pinot Noir,France,Burgundy,Beaune,,43.0,94,"This is a rich wine with great potential. Its juicy spice and acidity are balanced with the red fruits, the generous texture and the fine structure. It is a wine that sums up the ripeness of the vintage. Drink from 2024.",Roger Voss,@vossroger,rich wine great potential juicy spice acidity balance red fruit generous texture fine structure wine sum ripeness vintage drink 2024
Chanson Père et Fils 2021 Les Fèves Premier Cru  (Beaune),Chanson Père et Fils,2021.0,Les Fèves Premier Cru,Pinot Noir,France,Burgundy,Beaune,,53.0,94,"This is a generous wine, although one that will need some serious aging. It is rich in tannins and powered by a firm structure. The fruit offers the weight to counter the tannins. It just needs time. Drink from 2024.",Roger Voss,@vossroger,generous wine although one need serious age rich tannin power firm structure fruit offer weight counter tannin need time drink 2024
Louis Jadot 2019 Clos des Couchereaux Premier Cru  (Beaune),Louis Jadot,2019.0,Clos des Couchereaux Premier Cru,Pinot Noir,France,Burgundy,Beaune,,51.0,94,"From one of the rare south-facing vineyards in Beaune, this warm, rich and ripe wine is generous with its spice, smokiness and rounded red fruits. Acidity cuts through, bringing raspberry in its wake. The sense of structure really gives this wine its power and density. Drink from 2024.",Roger Voss,@vossroger,one rare southfacing vineyard beaune warm rich ripe wine generous spice smokiness rounded red fruit acidity cut bring raspberry wake sense structure really give wine power density drink 2024
Louis Jadot 2019 Grèves Premier Cru  (Beaune),Louis Jadot,2019.0,Grèves Premier Cru,Pinot Noir,France,Burgundy,Beaune,,51.0,94,"Wonderful spice and ripe red fruits shoot through this rich while structured wine. Dark cherries, strawberries and a ripe texture have given a wine that will be beautiful, smooth and generous. The acidity and the core of tannins will allow it to age well. Drink from 2023.",Roger Voss,@vossroger,wonderful spice ripe red fruit shoot rich structured wine dark cherry strawberry ripe texture give wine beautiful smooth generous acidity core tannin allow age well drink 2023
Louis Jadot 2019 Les Boucherottes Premier Cru  (Beaune),Louis Jadot,2019.0,Les Boucherottes Premier Cru,Pinot Noir,France,Burgundy,Beaune,,51.0,94,"A generous wine, this features intense dark fruits, ripe strawberry and an almost -weet character. It's packed with spice, richness and beautiful concentration. Great acidity gives a wine that is developing freshness and weight. Drink from 2024.",Roger Voss,@vossroger,generous wine feature intense dark fruit ripe strawberry almost weet character pack spice richness beautiful concentration great acidity give wine develop freshness weight drink 2024
Albert Bichot 2013 Domaine du Pavillon Clos des Mouches Premier Cru  (Beaune),Albert Bichot,2013.0,Domaine du Pavillon Clos des Mouches Premier Cru,Chardonnay,France,Burgundy,Beaune,,,92,"A wine that offers many personalities, from serious complexity to broad, smiling, ripe fruits. Pineapple, peaches, almonds and acidity come together in a texture that is still integrating. Give the wine another two years at least.",Roger Voss,@vossroger,wine offer many personality serious complexity broad smile ripe fruit pineapple peach almond acidity come together texture still integrate give wine another two year least
Louis Latour 2018 Vignes Franches Premier Cru  (Beaune),Louis Latour,2018.0,Vignes Franches Premier Cru,Pinot Noir,France,Burgundy,Beaune,,64.0,91,"This wine is soft and round, with attractive acidity as well as a light sense of structure from tannins. It features considerable acidity along with wild strawberry flavors that keep it lifted and aromatic. Drink from 2021.",Roger Voss,@vossroger,wine soft round attractive acidity well light sense structure tannin feature considerable acidity along wild strawberry flavor keep lift aromatic drink 2021
Louis Jadot 2020 Beaune Grèves Premier Cru Le Clos Blanc  (Beaune),Louis Jadot,2020.0,Beaune Grèves Premier Cru Le Clos Blanc,Chardonnay,France,Burgundy,Beaune,,45.0,92,"This wine comes from a small Chardonnay enclave in the predominantly red premier cru of Beaune Grèves. With its intense exotic fruit and apricot flavors, it's both ripe and crisp with acidity. That makes for a delicious reflection of the vintage, needing time to mature. Drink from 2024.",Roger Voss,@vossroger,wine come small chardonnay enclave predominantly red premier cru beaune grève intense exotic fruit apricot flavor ripe crisp acidity make delicious reflection vintage need time mature drink 2024
Albert Morot 2020 Les Cent Vignes Premier Cru  (Beaune),Albert Morot,2020.0,Les Cent Vignes Premier Cru,Pinot Noir,France,Burgundy,Beaune,,46.0,93,"Rich and juicy, this wine holds excellent potential. With its ripe red-berry fruit, balanced tannins and acidity, and spice from the wood aging, it will become a concentrated wine. Drink from 2024.",Roger Voss,@vossroger,rich juicy wine hold excellent potential ripe redberry fruit balanced tannin acidity spice wood aging become concentrated wine drink 2024
Château de Santenay 2020 Clos du Roi Premier Cru  (Beaune),Château de Santenay,2020.0,Clos du Roi Premier Cru,Pinot Noir,France,Burgundy,Beaune,,43.0,93,"Situated in the northern part of the Côte de Beaune, the vines produce soft, ripe wines. This wine is typical of this style with just enough tannins to bolster the rich berry fruits. It features a juicy backdrop along with touches of wood and spice. It needs time; drink from 2024.",Roger Voss,@vossroger,situate northern part côte de beaune vine produce soft ripe wine wine typical style enough tannin bolster rich berry fruit feature juicy backdrop along touch wood spice need time drink 2024
Domaine Faiveley 2020 Clos de l'Ecu Premier Cru Monopole  (Beaune),Domaine Faiveley,2020.0,Clos de l'Ecu Premier Cru Monopole,Pinot Noir,France,Burgundy,Beaune,,51.0,93,"A generous wine, this is packed with red fruits as well as firmly structured. It conveys the fresh acidity of the year, with fine smoky tannins. It will be an impressive wine. Drink from 2024.",Roger Voss,@vossroger,generous wine pack red fruit well firmly structured convey fresh acidity year fine smoky tannin impressive wine drink 2024
Chanson Père et Fils 2011 Clos des Mouches Premier Cru  (Beaune),Chanson Père et Fils,2011.0,Clos des Mouches Premier Cru,Chardonnay,France,Burgundy,Beaune,,107.0,85,"Following an unfortunate Chanson white wine style, this wine is totally dominated by new, high toast wood. It shows freshness, but the acidity comes from the wood, leaving the structured fruit way behind.",Roger Voss,@vossroger,follow unfortunate chanson white wine style wine totally dominate new high toast wood show freshness acidity come wood leave structured fruit way behind
L. Tramier & Fils 2021 Collection Premier Cru  (Beaune),L. Tramier & Fils,2021.0,Collection Premier Cru,Pinot Noir,France,Burgundy,Beaune,,40.0,90,"This is a blend from different Premier Cru vineyards in Beaune. At this stage, it is dominated by the wood aging. That gives a bitterness to the wine that needs to soften and allow the ripe fruit to come out. It does have potential, although the maturity will take time. Drink from 2023.",Roger Voss,@vossroger,blend different premier cru vineyards beaune stage dominate wood aging give bitterness wine need soften allow ripe fruit come potential although maturity take time drink 2023
Albert Bichot 2016 Clos de l'Ermitage  (Beaune),Albert Bichot,2016.0,Clos de l'Ermitage,Pinot Noir,France,Burgundy,Beaune,,,88,There is a touch of minerality in this wine as well as a dry edge and ripe red-fruit flavors that are already attractive. It should be aged at least three years.,Roger Voss,@vossroger,touch minerality wine well dry edge ripe redfruit flavor already attractive aged least three year
Chanson Père et Fils 2019 Bastion Premier Cru  (Beaune),Chanson Père et Fils,2019.0,Bastion Premier Cru,Pinot Noir,France,Burgundy,Beaune,,45.0,91,"A rounded wine, this is a blend of different premier-cru vineyards in Beaune. It packed with raspberries and red cherries. The acidity, typical of the year, is restrained here by the ripe fruitiness. Tannins give the wine just the right amount of support.",Roger Voss,@vossroger,round wine blend different premiercru vineyard beaune pack raspberry red cherry acidity typical year restrain ripe fruitiness tannin give wine right amount support
Jean-Luc and Paul Aegerter 2018 Bélissand Premier Cru  (Beaune),Jean-Luc and Paul Aegerter,2018.0,Bélissand Premier Cru,Pinot Noir,France,Burgundy,Beaune,,56.0,91,"Well structured, this combines ripe red fruits with a firm texture. It has a good concentration and a mineral, terroir-driven character that shows through in its dry core. The juicy acidity at the end gives a lift, but the wine needs to age. Drink from 2021.",Roger Voss,@vossroger,well structured combine ripe red fruit firm texture good concentration mineral terroirdriven character show dry core juicy acidity end give lift wine need age drink 2021
Louis Latour 2018 Vignes Franches Premier Cru  (Beaune),Louis Latour,2018.0,Vignes Franches Premier Cru,Pinot Noir,France,Burgundy,Beaune,,64.0,91,"This wine is soft and round, with attractive acidity as well as a light sense of structure from tannins. It features considerable acidity along with wild strawberry flavors that keep it lifted and aromatic. Drink from 2021.",Roger Voss,@vossroger,wine soft round attractive acidity well light sense structure tannin feature considerable acidity along wild strawberry flavor keep lift aromatic drink 2021
Chanson Père et Fils 2019 Bressandes Premier Cru  (Beaune),Chanson Père et Fils,2019.0,Bressandes Premier Cru,Pinot Noir,France,Burgundy,Beaune,,63.0,94,"Ripe and full of red berry aromas and flavors, this is a generous, warm wine. It has great swathes of juicy acidity and an attractive touch of toasty, spicy wood that is integrating well with the fruit. The tannic structure offers good support for the bright acidity and rich fruitiness. Drink from 2024.",Roger Voss,@vossroger,ripe full red berry aromas flavor generous warm wine great swathe juicy acidity attractive touch toasty spicy wood integrate well fruit tannic structure offer good support bright acidity rich fruitiness drink 2024
Chanson Père et Fils 2019 Clos de Marconnets Premier Cru  (Beaune),Chanson Père et Fils,2019.0,Clos de Marconnets Premier Cru,Pinot Noir,France,Burgundy,Beaune,,52.0,92,"Ripe, jammy fruitiness gives this wine a generous feel. Packed with opulent berry flavor, it will develop well. It is rich and rounded, nicely supported by the tannins that are in the background. Drink from 2023.",Roger Voss,@vossroger,ripe jammy fruitiness give wine generous feel pack opulent berry flavor develop well rich round nicely support tannin background drink 2023
Louis Jadot 2020 Beaune Grèves Premier Cru Le Clos Blanc  (Beaune),Louis Jadot,2020.0,Beaune Grèves Premier Cru Le Clos Blanc,Chardonnay,France,Burgundy,Beaune,,45.0,92,"This wine comes from a small Chardonnay enclave in the predominantly red premier cru of Beaune Grèves. With its intense exotic fruit and apricot flavors, it's both ripe and crisp with acidity. That makes for a delicious reflection of the vintage, needing time to mature. Drink from 2024.",Roger Voss,@vossroger,wine come small chardonnay enclave predominantly red premier cru beaune grève intense exotic fruit apricot flavor ripe crisp acidity make delicious reflection vintage need time mature drink 2024
Domaine Jean Monnier et Fils 2020 Les Montrevenots Premier Cru  (Beaune),Domaine Jean Monnier et Fils,2020.0,Les Montrevenots Premier Cru,Pinot Noir,France,Burgundy,Beaune,,25.0,88,"This wine has intense acidity along with red fruits, showing the freshness of the year. A smoky, burnt character from the wood aging needs to integrate, with a youthful crispness that needs to soften. Drink from 2024.",Roger Voss,@vossroger,wine intense acidity along red fruit show freshness year smoky burn character wood aging need integrate youthful crispness need soften drink 2024
Bouchard Père & Fils 2020 Clos de la Mousse Premier Cru  (Beaune),Bouchard Père & Fils,2020.0,Clos de la Mousse Premier Cru,Pinot Noir,France,Burgundy,Beaune,,45.0,92,"Rich and dense, this concentrated wine has a fine, smooth texture that is ripe with red-berry fruits. The freshness of the vintage comes through in the acidity and crisp, taut texture. The wine will be ready to drink from 2024, the 800th anniversary of the oldest-known traces of this vineyard.",Roger Voss,@vossroger,rich dense concentrate wine fine smooth texture ripe redberry fruit freshness vintage come acidity crisp taut texture wine ready drink 2024 800th anniversary oldestknown trace vineyard
Albert Morot 2020 Les Toussaints Premier Cru  (Beaune),Albert Morot,2020.0,Les Toussaints Premier Cru,Pinot Noir,France,Burgundy,Beaune,,45.0,92,"This is a ripe wine. Red plum and berry fruits are given weight and richness by the solid tannins, smoky flavors and the dryness at the heart of the wine. Give this structured wine time to develop and drink from 2021.",Roger Voss,@vossroger,ripe wine red plum berry fruit give weight richness solid tannin smoky flavor dryness heart wine give structure wine time develop drink 2021
Domaine Pierre Labet 2019 Coucherias Premier Cru  (Beaune),Domaine Pierre Labet,2019.0,Coucherias Premier Cru,Pinot Noir,France,Burgundy,Beaune,,64.0,92,"Packed with red fruits, this wine has great potential, with attractive wild-strawberry fruits that are fresh and perfumed. Behind this fruitiness, the wine is tight and structured. It will be round, rich and ready to drink from 2023.",Roger Voss,@vossroger,pack red fruit wine great potential attractive wildstrawberry fruit fresh perfume behind fruitiness wine tight structure round rich ready drink 2023
Château de Santenay 2018 Montée Rouge Premier Cru  (Beaune),Château de Santenay,2018.0,Montée Rouge Premier Cru,Pinot Noir,France,Burgundy,Beaune,,47.0,93,"This is a concentrated wine, full with dry tannins and perfumed red fruits. Hints of the wood aging give the wine toast and smokiness. The fresh fruits form a contrast offering a future of fragrance and stylishness. It needs to age, so wait until 2023.",Roger Voss,@vossroger,concentrate wine full dry tannin perfume red fruit hint wood aging give wine toast smokiness fresh fruit form contrast offer future fragrance stylishness need age wait 2023
Bouchard Père & Fils 2013 Clos de la Mousse Premier Cru  (Beaune),Bouchard Père & Fils,2013.0,Clos de la Mousse Premier Cru,Pinot Noir,France,Burgundy,Beaune,,66.0,91,"Bold brush strokes characterize this wine, the fruit a complex mélange of red berries, acidity and weight. The wine has good density, offering a strawberry jam character to go with the fresh edge. Tannins are enveloped in the fruits, promising medium-term aging.",Roger Voss,@vossroger,bold brush stroke characterize wine fruit complex mélange red berry acidity weight wine good density offer strawberry jam character go fresh edge tannin envelop fruit promise mediumterm aging
Bouchard Père & Fils 2013 Beaune Grèves Premier Cru Vigne de l'Enfant Jésus  (Beaune),Bouchard Père & Fils,2013.0,Beaune Grèves Premier Cru Vigne de l'Enfant Jésus,Pinot Noir,France,Burgundy,Beaune,,115.0,91,"One of Bouchard's signature wines, this is beautifully textured, a series of bright fruits, strawberries and sweet acidity. There are tannins, but this is lighter than in some vintages, a wine for short-term aging.",Roger Voss,@vossroger,one bouchard signature wine beautifully texture series bright fruit strawberry sweet acidity tannin light vintage wine shortterm age
Albert Bichot 2012 Domaine du Pavillon Clos des Mouches Premier Cru  (Beaune),Albert Bichot,2012.0,Domaine du Pavillon Clos des Mouches Premier Cru,Chardonnay,France,Burgundy,Beaune,,94.0,89,"Spice, especially nutmeg, is a distinctive character in this soft, ripe wine. It lacks some definition, but is attractively round. Fruit flavors tend toward white pears, edged with toast, while the texture is fat, full.",Roger Voss,@vossroger,spice especially nutmeg distinctive character soft ripe wine lack definition attractively round fruit flavor tend toward white pear edge toast texture fat full
Bouchard Père & Fils 2012 Beaune du Château Premier Cru  (Beaune),Bouchard Père & Fils,2012.0,Beaune du Château Premier Cru,Chardonnay,France,Burgundy,Beaune,,,91,"One of Bouchard's signature wines, this is a selection of fruit from different Beaune vineyards in the company's domaine. It is big, ripe and soft, balancing these elements with rounded cantaloupe fruit and spice. The toast is a major factor at present, and the wine would benefit from 2 years aging.",Roger Voss,@vossroger,one bouchard signature wine selection fruit different beaune vineyard company domaine big ripe soft balance element round cantaloupe fruit spice toast major factor present wine would benefit 2 year age
Louis Latour 2017 Vignes Franches Premier Cru  (Beaune),Louis Latour,2017.0,Vignes Franches Premier Cru,Pinot Noir,France,Burgundy,Beaune,,61.0,91,"Fruity and ripe, it also presents a fresh feel that cuts through the jammy red fruits and gives an edge to the weight and velvet texture. It's almost ready to drink but will be better from 2019.",Roger Voss,@vossroger,fruity ripe also present fresh feel cut jammy red fruit give edge weight velvet texture almost ready drink well 2019
Bouchard Père & Fils 2017 Clos Saint-Landry Premier Cru  (Beaune),Bouchard Père & Fils,2017.0,Clos Saint-Landry Premier Cru,Chardonnay,France,Burgundy,Beaune,,52.0,91,"This was the first vineyard bought by the Bouchard family, purchased in 1791. More than 220 years later, this 2015 has a delicate touch of wood nestled in the heart of creamy fruit flavors. Crisp lemon and tight acidity give a bright, fresh aftertaste. Drink from 2020.",Roger Voss,@vossroger,first vineyard buy bouchard family purchase 1791 220 year later 2015 delicate touch wood nestle heart creamy fruit flavor crisp lemon tight acidity give bright fresh aftertaste drink 2020
Bouchard Père & Fils 2012 Clos de la Mousse Premier Cru  (Beaune),Bouchard Père & Fils,2012.0,Clos de la Mousse Premier Cru,Pinot Noir,France,Burgundy,Beaune,,63.0,89,"An intriguing wine, that offers ripe sweetness followed by an edgy rustic acidity. Is this a stage in its evolution? Probably, because the tannins promise aging and the intensely aromatic nature of the fruit points to a potentially fine wine. Just don't drink it yet.",Roger Voss,@vossroger,intrigue wine offer ripe sweetness follow edgy rustic acidity stage evolution probably tannin promise age intensely aromatic nature fruit point potentially fine wine do not drink yet
Domaine Champy 2016 Vieilles Vignes  (Beaune),Domaine Champy,2016.0,Vieilles Vignes,Pinot Noir,France,Burgundy,Beaune,,,87,"While this shows the concentration of the vines that were planted in the 1940s, it also has a tight, lean quality and considerable acidity. Its fruit is still subdued by the structure, and it needs 3–4 years to become round.",Roger Voss,@vossroger,show concentration vine plant 1940 also tight lean quality considerable acidity fruit still subdue structure need 3–4 year become round
Jaffelin 2015 Sur les Grèves Clos Saint-Anne Premier Cru  (Beaune),Jaffelin,2015.0,Sur les Grèves Clos Saint-Anne Premier Cru,Pinot Noir,France,Burgundy,Beaune,,60.0,92,"Big, bold and cuddly, this wine's tannins are cushioned by the red berry fruit and attractive acidity. It has weight and a rich feeling, and the dry edge offers the possibility of aging. This small clos is exclusive to Jaffelin.",Roger Voss,@vossroger,big bold cuddly wine tannin cushion red berry fruit attractive acidity weight rich feeling dry edge offer possibility age small clo exclusive jaffelin
Domaine Pierre Labet 2019 Coucherias Premier Cru  (Beaune),Domaine Pierre Labet,2019.0,Coucherias Premier Cru,Pinot Noir,France,Burgundy,Beaune,,64.0,92,"Packed with red fruits, this wine has great potential, with attractive wild-strawberry fruits that are fresh and perfumed. Behind this fruitiness, the wine is tight and structured. It will be round, rich and ready to drink from 2023.",Roger Voss,@vossroger,pack red fruit wine great potential attractive wildstrawberry fruit fresh perfume behind fruitiness wine tight structure round rich ready drink 2023
Bouchard Aîné et Fils 2020 Clos du Roi Premier Cru  (Beaune),Bouchard Aîné et Fils,2020.0,Clos du Roi Premier Cru,Pinot Noir,France,Burgundy,Beaune,,45.0,91,"This is a juicy wine, packed with red fruits. It has acidity along with an edge of tannins. The attractive fruitiness suggests the wine will develop quickly. Drink from 2023.",Roger Voss,@vossroger,juicy wine pack red fruit acidity along edge tannin attractive fruitiness suggest wine develop quickly drink 2023
Jean-Claude Boisset 2017 Les Grèves Premier Cru  (Beaune),Jean-Claude Boisset,2017.0,Les Grèves Premier Cru,Pinot Noir,France,Burgundy,Beaune,,43.0,92,"Always a popular vineyard, Beaune Grèves has produces a full, ripe, intense wine. It shows some signs of wood aging as well as rich strawberry and red plum. It's delicious already, but this full and complex wine deserves aging. Drink now –2025.",Roger Voss,@vossroger,always popular vineyard beaune grève produce full ripe intense wine show sign wood age well rich strawberry red plum delicious already full complex wine deserve age drink – 2025
Chanson Père et Fils 2016 Clos des Mouches Premier Cru  (Beaune),Chanson Père et Fils,2016.0,Clos des Mouches Premier Cru,Chardonnay,France,Burgundy,Beaune,,90.0,92,"This is a very taut wine from the poorest soil in the Clos des Mouches Vineyard. This tastes of citrus fruit, with a powerful, spicy, complex finish that promises good aging.",Roger Voss,@vossroger,taut wine poor soil clos des mouche vineyard taste citrus fruit powerful spicy complex finish promise good aging
Chanson Père et Fils 2015 Clos des Mouches Premier Cru  (Beaune),Chanson Père et Fils,2015.0,Clos des Mouches Premier Cru,Pinot Noir,France,Burgundy,Beaune,,97.0,92,"Opulent and ripe, but at the same time it shows red fruits, fresh acids and a structured core. It has a wonderful, generous finish that showcases the rich fruits and warm tannins.",Roger Voss,@vossroger,opulent ripe time show red fruit fresh acid structure core wonderful generous finish showcase rich fruit warm tannin
Louis Jadot 2018 Le Clos Blanc Beaune Grèves Premier Cru  (Beaune),Louis Jadot,2018.0,Le Clos Blanc Beaune Grèves Premier Cru,Chardonnay,France,Burgundy,Beaune,,60.0,93,"Part of the domaine of the Gagey family that runs Louis Jadot, this dense, wood-dominated wine has an austere character at this stage. Ripe, potentially full of yellow and creamy white fruits, it will always have a serious side. Drink from 2022.",Roger Voss,@vossroger,part domaine gagey family run louis jadot dense wooddominate wine austere character stage ripe potentially full yellow creamy white fruit always serious side drink 2022
Albert Morot 2018 Bressandes Premier Cru  (Beaune),Albert Morot,2018.0,Bressandes Premier Cru,Pinot Noir,France,Burgundy,Beaune,,56.0,92,"This firm, dark and still young wine has intense acidity that comes from the red currant and raspberry fruit. The tannins though form the real basis of this concentrated wine. Great juicy fruits at the end will develop well. Drink from 2022.",Roger Voss,@vossroger,firm dark still young wine intense acidity come red currant raspberry fruit tannin though form real basis concentrate wine great juicy fruit end develop well drink 2022
Camille Giroud 2014 Aux Cras  (Beaune),Camille Giroud,2014.0,Aux Cras,Pinot Noir,France,Burgundy,Beaune,,57.0,89,"With crushed strawberry and caramel flavors, this is relatively light wine, though elegant and pierced with acidity. Milk chocolate and soft tannins complete an attractive ensemble.",Roger Voss,@vossroger,crush strawberry caramel flavor relatively light wine though elegant pierced acidity milk chocolate soft tannin complete attractive ensemble
L. Tramier & Fils 2013 Collection Premier Cru  (Beaune),L. Tramier & Fils,2013.0,Collection Premier Cru,Pinot Noir,France,Burgundy,Beaune,,56.0,89,"A dry wine with firm tannins over the juicy red-cherry fruits. It is structured, while likely to develop well over the next few years. The wood and fruit are both attractive at this stage.",Roger Voss,@vossroger,dry wine firm tannin juicy redcherry fruit structure likely develop well next year wood fruit attractive stage
Chanson Père et Fils 2019 Bastion Premier Cru  (Beaune),Chanson Père et Fils,2019.0,Bastion Premier Cru,Chardonnay,France,Burgundy,Beaune,,43.0,90,"Aromas of this wine show considerable wood. On the palate, the wood is very present, giving acidity as well as layers of toast and spice. Hints of yellow fruit show through, suggesting the possibility of a ripe, rich wine in the future. Drink from 2023.",Roger Voss,@vossroger,aromas wine show considerable wood palate wood present give acidity well layers toast spice hint yellow fruit show suggest possibility ripe rich wine future drink 2023
Château Philippe-le-Hardi 2016 Clos du Roi Premier Cru  (Beaune),Château Philippe-le-Hardi,2016.0,Clos du Roi Premier Cru,Pinot Noir,France,Burgundy,Beaune,,,86,"This is lightly structured, showing balanced red berry fruits and round tannins. For a 2014, it is softening fast; this should be drinkable in the next six months.",Roger Voss,@vossroger,lightly structure show balanced red berry fruit round tannin 2014 soften fast drinkable next six month
Louis Latour 2018  Beaune,Louis Latour,2018.0,,Pinot Noir,France,Burgundy,Beaune,,34.0,87,"This is soft and rounded, with attractive red plum and berry fruits that bring in acidity and a light tannic character. The wine is ripe, with a dry core surrounded by cherry flavors and fresh acidity. It is not a wine for long aging, drink from 2021.",Roger Voss,@vossroger,soft rounded attractive red plum berry fruit bring acidity light tannic character wine ripe dry core surround cherry flavor fresh acidity wine long age drink 2021
Domaine Faiveley 2021 Clos de l'Ecu Premier Cru  (Beaune),Domaine Faiveley,2021.0,Clos de l'Ecu Premier Cru,Pinot Noir,France,Burgundy,Beaune,,39.0,89,Perfumed spice aromas give this wine its toasty character. The wood aging dominates the fruit. The fruit is ripe and will develop. Give this wine until 2024.,Roger Voss,@vossroger,perfumed spice aromas give wine toasty character wood aging dominate fruit fruit ripe develop give wine 2024
Chanson Père et Fils 2015 Clos des Fèves Premier Cru  (Beaune),Chanson Père et Fils,2015.0,Clos des Fèves Premier Cru,Pinot Noir,France,Burgundy,Beaune,,96.0,93,"This is dark and wood laden, with sweet, rich fruit and a firm, dense structure. It has a full feel, and its opulence is likely to develop over the next 2–3 years.",Roger Voss,@vossroger,dark wood laden sweet rich fruit firm dense structure full feel opulence likely develop next 2–3 year
Domaine Pascal Prunier-Bonheur 2021 Les Sizies Premier Cru  (Beaune),Domaine Pascal Prunier-Bonheur,2021.0,Les Sizies Premier Cru,Pinot Noir,France,Burgundy,Beaune,,67.0,92,"Crisp, juicy and fruity, this is a wine that has red-currant flavors under the tannic structure. It is a delicious wine that is light, fruity and likely to age quickly. Drink from 2023.",Roger Voss,@vossroger,crisp juicy fruity wine redcurrant flavor tannic structure delicious wine light fruity likely age quickly drink 2023
Chanson Père et Fils 2011 Clos des Fèves Premier Cru  (Beaune),Chanson Père et Fils,2011.0,Clos des Fèves Premier Cru,Pinot Noir,France,Burgundy,Beaune,,103.0,94,"A complete wine that speaks of both richness and terroir. While the tannins are certainly there, they are dominated by rich black fruits, ripeness, power and concentration. It is the sort of wine that reveals many layers of flavor and complexity. Age for five years.",Roger Voss,@vossroger,complete wine speak richness terroir tannin certainly dominate rich black fruit ripeness power concentration sort wine reveal many layer flavor complexity age five year
Roux Père et Fils 2016 Montée Rouge  (Beaune),Roux Père et Fils,2016.0,Montée Rouge,Pinot Noir,France,Burgundy,Beaune,,,88,This has a firm tannic structure that's allied to a smoky character. The dry core is bold and offers a counterpoint to the ripe red- and black-plum fruit. For aging over 4–5 years.,Roger Voss,@vossroger,firm tannic structure that s ally smoky character dry core bold offer counterpoint ripe red blackplum fruit age 4–5 year
Louis Max 2015 Domaine de la Créa Les Cent Vignes Premier Cru  (Beaune),Louis Max,2015.0,Domaine de la Créa Les Cent Vignes Premier Cru,Pinot Noir,France,Burgundy,Beaune,,42.0,88,"Raspberry ripeness and soft tannins lend warmth to this structured wine. It has weight and a smoky wood character, with a juicy finish. Age for 2–3 years.",Roger Voss,@vossroger,raspberry ripeness soft tannin lend warmth structure wine weight smoky wood character juicy finish age 2–3 year
Louis Latour 2012  Beaune,Louis Latour,2012.0,,Chardonnay,France,Burgundy,Beaune,,,87,"Soft and rich, with vanilla and quince flavors. A very round, open wine, with only a hint of structure.",Roger Voss,@vossroger,soft rich vanilla quince flavor round open wine hint structure
Chanson Père et Fils 2019 Clos du Roi Premier Cru  (Beaune),Chanson Père et Fils,2019.0,Clos du Roi Premier Cru,Pinot Noir,France,Burgundy,Beaune,,52.0,93,"This is a firm wine, full of tannins as well as plenty of ripe berries. It is concentrated, juicy and perfumed, an attractive wine already. The dry core gives structure to this panoply of fruitiness. The name comes from French king Louis XI who acquired the vineyard in the 15th century.",Roger Voss,@vossroger,firm wine full tannin well plenty ripe berry concentrate juicy perfumed attractive wine already dry core give structure panoply fruitiness name come french king louis xi acquire vineyard 15th century
Chanson Père et Fils 2019 Teurons Premier Cru  (Beaune),Chanson Père et Fils,2019.0,Teurons Premier Cru,Pinot Noir,France,Burgundy,Beaune,,52.0,93,"Rich in character, this is a dense wine, with smoky tannins and juicy red fruits that are deliciously ripe. The tannins and the fruit concentration result in a weighty yet brightly acidic wine. It will develop quickly, and then remain at a peak for many years. Drink from 2022.",Roger Voss,@vossroger,rich character dense wine smoky tannin juicy red fruit deliciously ripe tannin fruit concentration result weighty yet brightly acidic wine develop quickly remain peak many year drink 2022
Jaffelin 2016 Sur les Grèves Clos Saint-Anne Premier Cru  (Beaune),Jaffelin,2016.0,Sur les Grèves Clos Saint-Anne Premier Cru,Pinot Noir,France,Burgundy,Beaune,,54.0,91,"This has firm tannins, and it demonstrates the potential of its juicy fruit flavors. With its powerful structure, this is a slowly developing selection that needs at least five years in a cellar.",Roger Voss,@vossroger,firm tannin demonstrate potential juicy fruit flavor powerful structure slowly develop selection need least five year cellar
Louis Jadot 2016 Theurons Premier Cru  (Beaune),Louis Jadot,2016.0,Theurons Premier Cru,Pinot Noir,France,Burgundy,Beaune,,62.0,91,"Perfumed, rich yet soft, this is opulent Beaune at its best. It has acidity and a touch of tannin, but it's the broad, ripe red-fruit flavors that dominate, which gives juiciness and vitality to this wine that will age for several years.",Roger Voss,@vossroger,perfume rich yet soft opulent beaune good acidity touch tannin broad ripe redfruit flavor dominate give juiciness vitality wine age several year
Bouchard Père & Fils 2012 Marconnets Premier Cru  (Beaune),Bouchard Père & Fils,2012.0,Marconnets Premier Cru,Pinot Noir,France,Burgundy,Beaune,,69.0,92,"Firm and tense, this is a wine on the high wire. The tannins are stretched with acidity, the berry fruits and red cherry flavors vividly standing out against this structure. The aftertaste is fine, poised, mineral. This is developing into an important wine.",Roger Voss,@vossroger,firm tense wine high wire tannin stretch acidity berry fruit red cherry flavor vividly stand structure aftertaste fine poise mineral develop important wine
Louis Latour 2014 Vignes Franches Premier Cru  (Beaune),Louis Latour,2014.0,Vignes Franches Premier Cru,Pinot Noir,France,Burgundy,Beaune,,55.0,88,"Soft and ripe wine, with gentle tannins and fresh acidity. There is an edge of bitterness that comes between the fruit and the structure.",Roger Voss,@vossroger,soft ripe wine gentle tannin fresh acidity edge bitterness come fruit structure
L. Tramier & Fils 2015 Premier Cru  (Beaune),L. Tramier & Fils,2015.0,Premier Cru,Pinot Noir,France,Burgundy,Beaune,,46.0,87,"This is ripe and jammy, with soft fruit and attractive acidity. It is warm, with a hint of wood aging. Ready to drink.",Roger Voss,@vossroger,ripe jammy soft fruit attractive acidity warm hint wood age ready drink
Seguin-Manuel 2021 Les Clos des Mouches Premier Cru  (Beaune),Seguin-Manuel,2021.0,Les Clos des Mouches Premier Cru,Chardonnay,France,Burgundy,Beaune,,42.0,92,"In this smooth wine, toasty flavors mingle easily with the ripe yellow fruits. It offers minerality as well as juicy citrus flavors, making for a rich wine that needs to age. Drink from 2021.",Roger Voss,@vossroger,smooth wine toasty flavor mingle easily ripe yellow fruit offer minerality well juicy citrus flavor make rich wine need age drink 2021
Jean-Luc and Paul Aegerter 2020 Belissand Premier Cru  (Beaune),Jean-Luc and Paul Aegerter,2020.0,Belissand Premier Cru,Pinot Noir,France,Burgundy,Beaune,,35.0,90,"This smoky wine is showing its wood, with spice and toasty flavors over the red fruits. The wine will balance out to become open and fruity. Drink from 2023.",Roger Voss,@vossroger,smoky wine show wood spice toasty flavor red fruit wine balance become open fruity drink 2023
Albert Morot 2021 Les Algrots Premier Cru  (Beaune),Albert Morot,2021.0,Les Algrots Premier Cru,Pinot Noir,France,Burgundy,Beaune,,38.0,94,"This is a smooth-texture wine with a great future. It has acidity, ripe tannins, generous fruit and balance. As the wine develops, the rich red-berry fruit will show strongly. The wine is concentrated, with a solid base. Drink from 2025.",Roger Voss,@vossroger,smoothtexture wine great future acidity ripe tannin generous fruit balance wine develop rich redberry fruit show strongly wine concentrate solid base drink 2025
Albert Morot 2021 Les Teurons Premier Cru  (Beaune),Albert Morot,2021.0,Les Teurons Premier Cru,Pinot Noir,France,Burgundy,Beaune,,38.0,94,"This structured firm wine is full of tannins as well as ripe fruit. It is concentrated, showing smoky wood flavors as well as plenty of red berries. The wine will develop slowly, with the rich fruits coming through to give a generous wine. Drink from 2024.",Roger Voss,@vossroger,structured firm wine full tannin well ripe fruit concentrated show smoky wood flavor well plenty red berry wine develop slowly rich fruit come give generous wine drink 2024
Jean-Claude Boisset 2021 Les Grèves Premier Cru  (Beaune),Jean-Claude Boisset,2021.0,Les Grèves Premier Cru,Pinot Noir,France,Burgundy,Beaune,,47.0,94,"A structured wine that is also full of ripe fruit. Its red-berry fruits are encased in the tannins that still need to soften. The wine will be generous, full of berry flavors and with a dense texture. Drink this big wine from 2024.",Roger Voss,@vossroger,structure wine also full ripe fruit redberry fruit encase tannin still need soften wine generous full berry flavor dense texture drink big wine 2024
Albert Morot 2021 Les Toussaints Premier Cru  (Beaune),Albert Morot,2021.0,Les Toussaints Premier Cru,Pinot Noir,France,Burgundy,Beaune,,38.0,94,"The wine is beautiful—ripe with generous red fruits and with balanced acidity. It has concentration, juicy acidity and a smoky background. This is going to be an opulent wine, rich in tannins and in fruit. Drink from 2022.",Roger Voss,@vossroger,wine beautiful — ripe generous red fruit balanced acidity concentration juicy acidity smoky background go opulent wine rich tannin fruit drink 2022
Domaine Arnoux Père et Fils 2021 En Genêt Premier Cru  (Beaune),Domaine Arnoux Père et Fils,2021.0,En Genêt Premier Cru,Pinot Noir,France,Burgundy,Beaune,,41.0,94,"This is a rich opulent wine. Its red-berry fruits are just the starting point for a series of layers of fruit, tannins and intense perfumed ripeness. The wine is firm at this young stage with great potential to develop into a generous wine as it matures. It comes from vines at the northern end of the Beaune premier crus. Drink from 2024.",Roger Voss,@vossroger,rich opulent wine redberry fruit start point series layer fruit tannin intense perfume ripeness wine firm young stage great potential develop generous wine mature come vine northern end beaune premier crus drink 2024
Domaine d'Ardhuy 2021 Petit Clos Blanc des Theurons Premier Cru  (Beaune),Domaine d'Ardhuy,2021.0,Petit Clos Blanc des Theurons Premier Cru,Chardonnay,France,Burgundy,Beaune,,,91,"This wine is ripe, soft and fruity. The acidity, already well integrated, gives a crispness that is balanced by yellow fruits with touches of pineapple. This will be a full wine, very characteristic of the year. Drink from 2023.",Roger Voss,@vossroger,wine ripe soft fruity acidity already well integrate give crispness balanced yellow fruit touch pineapple full wine characteristic year drink 2023
Domaine Jessiaume 2021 Les Cents Vignes Premier Cru  (Beaune),Domaine Jessiaume,2021.0,Les Cents Vignes Premier Cru,Pinot Noir,France,Burgundy,Beaune,,33.0,91,"With vines forming part of the 22-acre Jessiaume estate, this vineyard—one of the better known of the Beaune premiers crus—has produced a fine, rich wine in this vintage. Although there is plenty of young wood, the fruit is so rich and generous, with such fine potential. Give this opulent wine until 2022.",Roger Voss,@vossroger,vine form part 22acre jessiaume estate vineyard — one well know beaune premier crus — have produce fine rich wine vintage although plenty young wood fruit rich generous fine potential give opulent wine 2022
Domaine Jessiaume 2016 Cent Vignes Premier Cru  (Beaune),Domaine Jessiaume,2016.0,Cent Vignes Premier Cru,Pinot Noir,France,Burgundy,Beaune,,54.0,92,"Rich and smooth, this wine's structured tannins are fully integrated into its juicy fruit. It's a ripe bottling, and it shows a hint of wood aging in the form of a smoky character. The acidity is intense, which perks up the berry fruit. This promises to age.",Roger Voss,@vossroger,rich smooth wine structure tannin fully integrate juicy fruit ripe bottle show hint wood age form smoky character acidity intense perk berry fruit promise age
Château de Santenay 2021 Montée Rouge Premier Cru  (Beaune),Château de Santenay,2021.0,Montée Rouge Premier Cru,Pinot Noir,France,Burgundy,Beaune,,42.0,93,"This is a structured rich wine. It has great ripe fruit, generous with red berry and acidity in fine balance. It has a solid backbone of tannins although these are already well integrated into the opulent wine. Drink from 2021.",Roger Voss,@vossroger,structure rich wine great ripe fruit generous red berry acidity fine balance solid backbone tannin although already well integrate opulent wine drink 2021
Jean-Luc and Paul Aegerter 2021 Les Grèves Premier Cru  (Beaune),Jean-Luc and Paul Aegerter,2021.0,Les Grèves Premier Cru,Pinot Noir,France,Burgundy,Beaune,,40.0,93,"From one of the top Beaune premier crus, this wine is structured and dense with tannins and with wood aging. At the same time, it has the rich fruitiness of the year, broad red berries and plums. They provide the delicious potential of this fine wine. Drink from 2022.",Roger Voss,@vossroger,one top beaune premier crus wine structure dense tannin wood age time rich fruitiness year broad red berry plum provide delicious potential fine wine drink 2022
Albert Morot 2020 Les Teurons Premier Cru  (Beaune),Albert Morot,2020.0,Les Teurons Premier Cru,Pinot Noir,France,Burgundy,Beaune,,47.0,91,"This wine is structured, dark and dense, with great swathes of smoky tannins plus plenty of red-fruit flavors. With its concentration, structure and richness, the wine will develop well and powerfully. Drink from 2021.",Roger Voss,@vossroger,wine structure dark dense great swathe smoky tannin plus plenty redfruit flavor concentration structure richness wine develop well powerfully drink 2021
Chanson Père et Fils 2015 Clos des Fèves Premier Cru  (Beaune),Chanson Père et Fils,2015.0,Clos des Fèves Premier Cru,Pinot Noir,France,Burgundy,Beaune,,96.0,93,"This is dark and wood laden, with sweet, rich fruit and a firm, dense structure. It has a full feel, and its opulence is likely to develop over the next 2–3 years.",Roger Voss,@vossroger,dark wood laden sweet rich fruit firm dense structure full feel opulence likely develop next 2–3 year
Bouchard Père & Fils 2014 Beaune du Château Premier Cru  (Beaune),Bouchard Père & Fils,2014.0,Beaune du Château Premier Cru,Chardonnay,France,Burgundy,Beaune,,38.0,88,"Soft and ripe, a wine that is wide open. With its light and crisp character and attractive yellow fruits, this will develop quickly.",Roger Voss,@vossroger,soft ripe wine wide open light crisp character attractive yellow fruit develop quickly
Louis Jadot 2016 Le Clos Blanc Grèves Premier Cru  (Beaune),Louis Jadot,2016.0,Le Clos Blanc Grèves Premier Cru,Chardonnay,France,Burgundy,Beaune,,67.0,92,"This is a round, rich and soft style of Chardonnay. It feels generous, and its yellow fruit flavor pushes through the acidity. It slowly opens to reveal complex tropical-fruit notes, and it will develop further, so give it another four years.",Roger Voss,@vossroger,round rich soft style chardonnay feel generous yellow fruit flavor push acidity slowly open reveal complex tropicalfruit note develop give another four year
Bouchard Père & Fils 2012 Beaune Grèves Vigne de l'Enfant Jésus Premier Cru  (Beaune),Bouchard Père & Fils,2012.0,Beaune Grèves Vigne de l'Enfant Jésus Premier Cru,Pinot Noir,France,Burgundy,Beaune,,152.0,92,"A racy wine, juicy, fresh and fruity. The lively red fruits are totally dominant. There is structure, but it is the delicious fruit that speaks.",Roger Voss,@vossroger,racy wine juicy fresh fruity lively red fruit totally dominant structure delicious fruit speak
Chanson Père et Fils 2011 Clos du Roi Premier Cru  (Beaune),Chanson Père et Fils,2011.0,Clos du Roi Premier Cru,Pinot Noir,France,Burgundy,Beaune,,81.0,92,"The first mouthful reveals a wine that is just plain opulent and rich. Only on the second taste do dense tannins push their way in, a structure that is concentrated, dry and tight. The fruit flavors are also forward, strawberry juice touched with cranberry juice dryness. This could age well, give it 4–5 years.",Roger Voss,@vossroger,first mouthful reveal wine plain opulent rich second taste dense tannin push way structure concentrate dry tight fruit flavor also forward strawberry juice touch cranberry juice dryness could age well give 4–5 year
Domaine Emmanuel Giboulot 2015 Lulune  (Beaune),Domaine Emmanuel Giboulot,2015.0,Lulune,Pinot Noir,France,Burgundy,Beaune,,62.0,90,"The purity of fruit is the most striking aspect of this wine. While it is relatively light in texture, it revels in its fresh red-fruited character that gives an impressive intensity. With balanced touches of tannin and acidity, the wine should age well.",Roger Voss,@vossroger,purity fruit strike aspect wine relatively light texture revels fresh redfruite character give impressive intensity balanced touch tannin acidity wine age well
Bouchard Père & Fils 2014 Vigne de l'Enfant Jésus Grèves Premier Cru  (Beaune),Bouchard Père & Fils,2014.0,Vigne de l'Enfant Jésus Grèves Premier Cru,Pinot Noir,France,Burgundy,Beaune,,110.0,94,"The Vigne de l'Enfant Jésus is a 10-acre parcel in the heart of the Grèves vineyard that once belonged to Carmelite nuns. This vintage, while marked by acidity and soft fruit, does have a firm edge of dark tannins, filled out with plum and red cherry flavors.",Roger Voss,@vossroger,vigne de lenfant jésus 10acre parcel heart grève vineyard belong carmelite nun vintage mark acidity soft fruit firm edge dark tannin fill plum red cherry flavor
Yves Giradin 2020 Les Vignes Franches Premier Cru  (Beaune),Yves Giradin,2020.0,Les Vignes Franches Premier Cru,Pinot Noir,France,Burgundy,Beaune,,41.0,93,This wine has smoky wood and rich fruit already well in balance. It offers ripe acidity from its strawberry and red-currant fruits along with a rich texture. The wine is already delicious although it will develop much further. Drink from 2023.,Roger Voss,@vossroger,wine smoky wood rich fruit already well balance offer ripe acidity strawberry redcurrant fruit along rich texture wine already delicious although develop much drink 2023
Domaine Pierre Labet 2019 Clos du Dessus des Marconnets  (Beaune),Domaine Pierre Labet,2019.0,Clos du Dessus des Marconnets,Pinot Noir,France,Burgundy,Beaune,,50.0,90,"While it is not a premier cru, this wine conveys many of the precise red-fruit flavors of the Les Marconnets vineyard just below on the slope. It is finely perfumed, with the softness typical of the northern Beaune vineyards. Vivid strawberry and red-cherry fruits are already delicious and ready to drink.",Roger Voss,@vossroger,premier cru wine convey many precise redfruit flavor le marconnet vineyard slope finely perfume softness typical northern beaune vineyard vivid strawberry redcherry fruit already delicious ready drink
Domaine Faiveley 2020 Clos de l'Ecu Premier Cru Monopole  (Beaune),Domaine Faiveley,2020.0,Clos de l'Ecu Premier Cru Monopole,Pinot Noir,France,Burgundy,Beaune,,51.0,93,"A generous wine, this is packed with red fruits as well as firmly structured. It conveys the fresh acidity of the year, with fine smoky tannins. It will be an impressive wine. Drink from 2024.",Roger Voss,@vossroger,generous wine pack red fruit well firmly structured convey fresh acidity year fine smoky tannin impressive wine drink 2024
Tollot Beaut et Fils 2020 Les Grèves Premier Cru  (Beaune),Tollot Beaut et Fils,2020.0,Les Grèves Premier Cru,Pinot Noir,France,Burgundy,Beaune,,60.0,93,"A perfumed wine with red fruits, this offers dry tannins and a dense texture. With all these elements in place, the wine will develop slowly and well. Drink from 2021.",Roger Voss,@vossroger,perfume wine red fruit offer dry tannin dense texture element place wine develop slowly well drink 2021
